{
    "accuracy": 0.7012195121951219,
    "precision": 0.7002787134047607,
    "recall": 0.7012195121951219,
    "f1_score": 0.6742098100899689
}